{
  "oof_auc": 0.9671,
  "oof_acc": 0.9152,
  "n_train": 1215,
  "n_features": 35,
  "class_balance": {
    "real_count": 540,
    "fake_count": 675
  },
  "classification_report": {
    "0": {
      "precision": 0.9346504559270516,
      "recall": 0.9111111111111111,
      "f1-score": 0.9227306826706677,
      "support": 675.0
    },
    "1": {
      "precision": 0.8922800718132855,
      "recall": 0.9203703703703704,
      "f1-score": 0.9061075660893345,
      "support": 540.0
    },
    "accuracy": 0.9152263374485596,
    "macro avg": {
      "precision": 0.9134652638701686,
      "recall": 0.9157407407407407,
      "f1-score": 0.9144191243800011,
      "support": 1215.0
    },
    "weighted avg": {
      "precision": 0.9158191740987112,
      "recall": 0.9152263374485596,
      "f1-score": 0.9153426308567418,
      "support": 1215.0
    }
  }
}